﻿<?xml version="1.0" encoding="utf-8" standalone="no" ?>
<vehicle type="LASampleMod">
    <annotation>Copyright (C) GIANTS Software GmbH, All Rights Reserved.</annotation>
    <storeData>
        <name>
            <en>PHOENIX 6x6 Agro-Truck</en></name>
        <specs>
            <power>462</power>
            <maxSpeed>65</maxSpeed>
        </specs>
        <functions>
            <function>$l10n_function_truck</function>
        </functions>
        <image>store_tatraPhoenix.dds</image>
        <price>138000</price>
        <dailyUpkeep>550</dailyUpkeep>
        <lifetime>600</lifetime>
        <rotation>0</rotation>
        <brand>TATRA</brand>
        <category>trucks</category>
        <vertexBufferMemoryUsage>2962400</vertexBufferMemoryUsage>
        <indexBufferMemoryUsage>796098</indexBufferMemoryUsage>
        <textureMemoryUsage>21845608</textureMemoryUsage>
        <instanceVertexBufferMemoryUsage>0</instanceVertexBufferMemoryUsage>
        <instanceIndexBufferMemoryUsage>0</instanceIndexBufferMemoryUsage>
    </storeData>
    <typeDesc>$l10n_typeDesc_truck</typeDesc>
    <filename>tatraPhoenix.i3d</filename>
    <size width="3.3" length="8"/>
    <wheelConfigurations>
        <wheelConfiguration name="$l10n_configuration_valueDefault" price="0">
            <wheels autoRotateBackSpeed="1.5">
                <wheel rotSpeed="1" restLoad="2.0" repr="0>0|0" driveNode="0>0|0|0" linkNode="0>11|0|0|0|0|0" forcePointRatio="0.2" filename="$data/vehicles/wheels/trelleborg/TwinRadial_500_60R22_5.xml" configIndex="phoenixA" isLeft="true" initialCompression="5" suspTravel="0.25" spring="35" damper="50" hasParticles="true" hasTireTracks="true"/>
                <wheel rotSpeed="1" restLoad="2.0" repr="0>0|1" driveNode="0>0|1|0" linkNode="0>11|1|0|0|0|0" forcePointRatio="0.2" filename="$data/vehicles/wheels/trelleborg/TwinRadial_500_60R22_5.xml" configIndex="phoenixA" isLeft="false" initialCompression="5" suspTravel="0.25" spring="35" damper="50" hasParticles="true" hasTireTracks="true"/>
                <wheel rotSpeed="0" restLoad="2.5" repr="0>0|2" linkNode="0>11|2|0|0" forcePointRatio="0.2" filename="$data/vehicles/wheels/trelleborg/TwinRadial_500_60R22_5.xml" configIndex="phoenixB" isLeft="true" initialCompression="20" suspTravel="0.2" spring="35" damper="50" hasParticles="true"/>
                <wheel rotSpeed="0" restLoad="2.5" repr="0>0|3" linkNode="0>11|3|0|0" forcePointRatio="0.2" filename="$data/vehicles/wheels/trelleborg/TwinRadial_500_60R22_5.xml" configIndex="phoenixB" isLeft="false" initialCompression="20" suspTravel="0.2" spring="35" damper="50" hasParticles="true"/>
                <wheel rotSpeed="-1" restLoad="1.4" repr="0>0|4" driveNode="0>0|4|0" linkNode="0>11|4|0|0|0|0" forcePointRatio="0.2" filename="$data/vehicles/wheels/trelleborg/TwinRadial_500_60R22_5.xml" configIndex="phoenixA" isLeft="true" initialCompression="5" suspTravel="0.12" spring="50" damper="50" hasParticles="true" hasTireTracks="true" rotSpeedLimit="40"/>
                <wheel rotSpeed="-1" restLoad="1.4" repr="0>0|5" driveNode="0>0|5|0" linkNode="0>11|5|0|0|0|0" forcePointRatio="0.2" filename="$data/vehicles/wheels/trelleborg/TwinRadial_500_60R22_5.xml" configIndex="phoenixA" isLeft="false" initialCompression="5" suspTravel="0.12" spring="50" damper="50" hasParticles="true" hasTireTracks="true" rotSpeedLimit="40"/>
            </wheels>
        </wheelConfiguration>
    </wheelConfigurations>
    <rimColorConfigurations useDefaultColors="true" price="200" icon="$dataS2/menu/hud/configurations/config_rimColor.png">
        <rimColorConfiguration color="0.294 0.294 0.294 1"/>
        <colorNode node="0>0"/>
    </rimColorConfigurations>
    <dynamicallyLoadedParts>
        <dynamicallyLoadedPart node="0" linkNode="0>13|1|0" filename="$data/shared/vehicleParts/wheelChock01.i3d"/>
        <dynamicallyLoadedPart node="0" linkNode="0>13|1|1" filename="$data/shared/vehicleParts/wheelChock01.i3d"/>
    </dynamicallyLoadedParts>
    <ackermannSteering rotSpeed="50" rotMax="30" rotCenterWheel1="2" rotCenterWheel2="3"/>
    <differentials>
        <differential torqueRatio="0.5" maxSpeedRatio="1.35" wheelIndex1="0" wheelIndex2="1"/>
        <!-- front left-right -->
        <differential torqueRatio="0.5" maxSpeedRatio="1.4" wheelIndex1="2" wheelIndex2="3"/>
        <!-- middle left-right -->
        <differential torqueRatio="0.5" maxSpeedRatio="1.4" wheelIndex1="4" wheelIndex2="5"/>
        <!-- middle left-right -->
        <differential torqueRatio="0.45" maxSpeedRatio="1.15" differentialIndex1="0" differentialIndex2="1"/>
        <!-- front-middle -->
        <differential torqueRatio="0.55" maxSpeedRatio="1.1" differentialIndex1="2" differentialIndex2="3"/>
        <!-- back -->
    </differentials>
    <motorConfigurations>
        <motorConfiguration name="$l10n_configuration_valueDefault" price="0">
            <!-- 462ps -->
            <motor torqueScale="1.954" minRpm="1000" maxRpm="2200" maxForwardSpeed="68" maxBackwardSpeed="15" brakeForce="7" lowBrakeForceScale="0.22" lowBrakeForceSpeedLimit="1" rotInertia="0.002" minForwardGearRatio="10" maxForwardGearRatio="150" minBackwardGearRatio="40" maxBackwardGearRatio="150">
                <torque normRpm="0.45" torque="0.5"/>
                <torque normRpm="0.5" torque="0.6"/>
                <torque normRpm="0.59" torque="0.7"/>
                <torque normRpm="0.72" torque="1"/>
                <torque normRpm="0.86" torque="0.88"/>
                <torque normRpm="1" torque="0.7"/>
            </motor>
        </motorConfiguration>
    </motorConfigurations>
    <fuelCapacity>440</fuelCapacity>
    <cameras count="2">
        <camera1 index="0>1|0|0" rotatable="true" rotateNode="0>1|0" limit="true" useWorldXZRotation="true" rotMinX="-1.4" rotMaxX="1" transMin="4.5" transMax="35">
            <raycastNode index="0>1|2"/>
            <raycastNode index="0>1|3"/>
        </camera1>
        <camera2 index="0>1|1" rotatable="true" limit="true" rotMinX="-1.1" rotMaxX="0.4" transMin="0" transMax="0" useMirror="true" isInside="true"/>
    </cameras>
    <lights>
        <low>
            <light decoration="0>2|0|0" lightTypes="0 3"/>
            <light realLight="0>2|0|1" lightTypes="0" excludedLightTypes="3"/>
            <!--FrontLights-->
            <light decoration="0>2|2|0" lightTypes="0 1"/>
            <!--BackLights-->
            <light realLight="0>2|1|0|1" decoration="0>2|1|0|0" lightTypes="2"/>
            <!--WorklightFront-->
            <light decoration="0>2|1|1" lightTypes="1"/>
            <!--dummyWorkLightsBack-->
            <light realLight="0>2|0|2" lightTypes="3"/>
            <!--HighBeam -->
        </low>
        <high>
            <light decoration="0>2|0|0" lightTypes="0 3"/>
            <light realLight="0>2|0|3" lightTypes="0" excludedLightTypes="2 3"/>
            <!--FrontLights-->
            <light realLight="0>2|2|1" decoration="0>2|2|0" lightTypes="0 3"/>
            <!--BackLights-->
            <light realLight="0>2|1|0|2" decoration="0>2|1|0|0" lightTypes="2"/>
            <!--WorklightFront  -->
            <light decoration="0>2|1|1" lightTypes="1"/>
            <!--dummyWorkLightsBack-->
            <light realLight="0>2|0|4" lightTypes="3" excludedLightTypes="2"/>
            <!--HighBeam-->
        </high>
        <states>
            <state lightTypes="0"/>
            <state lightTypes="0 1 2"/>
        </states>
    </lights>
    <brakeLights>
        <brakeLight realLight="0>2|2|1" decoration="0>2|4|0"/>
    </brakeLights>
    <beaconLights>
        <beaconLight index="0>2|5|0" speed="0.015" filename="$data/shared/beaconLights/beaconLight02.i3d"/>
        <beaconLight index="0>2|5|1" speed="0.015" filename="$data/shared/beaconLights/beaconLight02.i3d"/>
    </beaconLights>
    <turnLights>
        <turnLightLeft realLight="0>2|3|0|1" decoration="0>2|3|0|0"/>
        <turnLightLeft realLight="0>2|3|0|2"/>
        <turnLightRight realLight="0>2|3|1|1" decoration="0>2|3|1|0"/>
        <turnLightRight realLight="0>2|3|1|2"/>
    </turnLights>
    <reverseLights>
        <reverseLight realLight="0>2|6|1" decoration="0>2|6|0"/>
    </reverseLights>
    <LightAddon drlAllwaysOn="false">
        <drl decoration="0>2|9|0" realLight="0>2|9|1"/>
        <strobe decoration="0>2|8|0|0" realLight="0>2|8|0|1" isBeacon="true" />
        <strobe decoration="0>2|8|1|0" realLight="0>2|8|1|1" isBeacon="true" />
        <strobe decoration="0>2|7|0|0" realLight="0>2|7|0|1" isBeacon="false" name="SampleStrobe1" sequence="200 400" invert="false" />
        <strobe decoration="0>2|7|1|0" realLight="0>2|7|1|1" isBeacon="false" name="SampleStrobe1" sequence="400 200" invert="true" />
    </LightAddon>
    <mirrors>
        <mirror index="0>10|0" prio="1"/>
        <mirror index="0>10|1" prio="2"/>
        <mirror index="0>10|2" prio="1"/>
        <mirror index="0>10|3" prio="2"/>
        <mirror index="0>10|4" prio="3"/>
        <mirror index="0>10|5" prio="3"/>
    </mirrors>
    <indoorHud>
        <speed animName="speedDisplay" minValueAnim="0" maxValueAnim="120"/>
        <rpm animName="rpmDisplay"/>
        <fuel animName="fuelDisplay"/>
        <time numbers="0>9|4" precision="2"/>
    </indoorHud>
    <enterReferenceNode index="0>"/>
    <exitPoint index="0>3"/>
    <attacherJoints>
        <attacherJoint index="0>5|0" jointType="semitrailer" allowsJointLimitMovement="false" allowsLowering="false" lowerRotLimit="12 175 12" enableCollision="true">
            <schema position="1 0" rotation="0" invertX="false"/>
        </attacherJoint>
    </attacherJoints>
    <attacherJointConfigurations>
        <attacherJointConfiguration name="$l10n_configuration_valueDefault" price="0">
            <objectChange node="0>5|1" visibilityActive="false"/>
        </attacherJointConfiguration>
        <attacherJointConfiguration name="$l10n_configuration_trailerAttacherBack" price="700">
            <attacherJoint index="0>5|1|0|0" jointType="trailer" transNode="0>5|1|0" transNodeMinY="0.323" transNodeMaxY="0.95" lowerRotLimit="10 65 65" upperRotationOffset="0" allowsJointLimitMovement="false">
                <schema position="1 0" rotation="0" invertX="false"/>
                <attachSound file="$data/sounds/attach.wav" pitchOffset="1.20" volume="1.10" indoorVolumeFactor="0.75" indoorLowpassGain="0.75"/>
            </attacherJoint>
            <attacherJoint index="0>5|1|0|0" jointType="trailerLow" transNode="0>5|1|0" transNodeMinY="0.323" transNodeMaxY="0.95" lowerRotLimit="10 65 65" upperRotationOffset="0" allowsJointLimitMovement="false">
                <schema position="1 0" rotation="0" invertX="false"/>
                <attachSound file="$data/sounds/attach.wav" pitchOffset="1.20" volume="1.10" indoorVolumeFactor="0.75" indoorLowpassGain="0.75"/>
            </attacherJoint>
            <objectChange node="0>5|1" visibilityActive="true"/>
        </attacherJointConfiguration>
    </attacherJointConfigurations>
    <speedRotatingParts>
        <speedRotatingPart index="0>11|0|0|0|0|0" wheelIndex="0"/>
        <speedRotatingPart index="0>11|1|0|0|0|0" wheelIndex="1"/>
        <speedRotatingPart index="0>11|2|0|0" wheelIndex="2"/>
        <speedRotatingPart index="0>11|3|0|0" wheelIndex="3"/>
        <speedRotatingPart index="0>11|4|0|0|0|0" wheelIndex="4"/>
        <speedRotatingPart index="0>11|5|0|0|0|0" wheelIndex="5"/>
    </speedRotatingParts>
    <wheelRotations>
        <wheelRotation index="0>11|0|0|0" wheelIndex="0"/>
        <wheelRotation index="0>11|1|0|0" wheelIndex="1"/>
        <wheelRotation index="0>11|4|0|0" wheelIndex="4"/>
        <wheelRotation index="0>11|5|0|0" wheelIndex="5"/>
    </wheelRotations>
    <movingParts>
        <!-- axis -->
        <movingPart index="0>11|0" referencePoint="0>0|0" referenceFrame="0>" isActiveDirty="true"/>
        <movingPart index="0>11|1" referencePoint="0>0|1" referenceFrame="0>" isActiveDirty="true"/>
        <movingPart index="0>11|2" referencePoint="0>0|2" referenceFrame="0>" isActiveDirty="true"/>
        <movingPart index="0>11|3" referencePoint="0>0|3" referenceFrame="0>" isActiveDirty="true"/>
        <movingPart index="0>11|4" referencePoint="0>0|4" referenceFrame="0>" isActiveDirty="true"/>
        <movingPart index="0>11|5" referencePoint="0>0|5" referenceFrame="0>" isActiveDirty="true"/>
        <!-- dampers -->
        <movingPart index="0>11|6" referencePoint="0>11|0|1" referenceFrame="0>11|0|1" isActiveDirty="true" scaleZ="true"/>
        <movingPart index="0>11|7" referencePoint="0>11|1|1" referenceFrame="0>11|1|1" isActiveDirty="true" scaleZ="true"/>
        <movingPart index="0>11|8" referencePoint="0>11|2|1" referenceFrame="0>11|2|1" isActiveDirty="true" scaleZ="true"/>
        <movingPart index="0>11|9" referencePoint="0>11|3|1" referenceFrame="0>11|3|1" isActiveDirty="true" scaleZ="true"/>
        <movingPart index="0>11|10" referencePoint="0>11|4|1" referenceFrame="0>11|4|1" isActiveDirty="true" scaleZ="true"/>
        <movingPart index="0>11|11" referencePoint="0>11|5|1" referenceFrame="0>11|5|1" isActiveDirty="true" scaleZ="true"/>
        <!-- springs -->
        <movingPart index="0>11|12" referencePoint="0>11|0|2" referenceFrame="0>11|0|2" isActiveDirty="true">
            <translatingPart index="0>11|12|0"/>
        </movingPart>
        <movingPart index="0>11|13" referencePoint="0>11|1|2" referenceFrame="0>11|1|2" isActiveDirty="true">
            <translatingPart index="0>11|13|0"/>
        </movingPart>
        <movingPart index="0>11|14" referencePoint="0>11|2|2" referenceFrame="0>11|2|2" isActiveDirty="true">
            <translatingPart index="0>11|14|0"/>
        </movingPart>
        <movingPart index="0>11|15" referencePoint="0>11|3|2" referenceFrame="0>11|3|2" isActiveDirty="true">
            <translatingPart index="0>11|15|0"/>
        </movingPart>
        <movingPart index="0>11|16" referencePoint="0>11|4|2" referenceFrame="0>11|4|2" isActiveDirty="true">
            <translatingPart index="0>11|16|0"/>
        </movingPart>
        <movingPart index="0>11|17" referencePoint="0>11|5|2" referenceFrame="0>11|5|2" isActiveDirty="true">
            <translatingPart index="0>11|17|0"/>
        </movingPart>
        <!-- steering -->
        <movingPart index="0>11|18" localReferencePoint="0>11|18|0" referencePoint="0>11|0|0|0|1" referenceFrame="0>11|25" isActiveDirty="true">
            <dependentPart index="0>11|18|0"/>
            <dependentPart index="0>11|18|1"/>
        </movingPart>
        <movingPart index="0>11|18|0" referencePoint="0>11|0|0|0|1" referenceFrame="0>" scaleZ="true"/>
        <movingPart index="0>11|18|1" referencePoint="0>11|1|0|0|1" referenceFrame="0>" scaleZ="true"/>
        <movingPart index="0>11|19" localReferencePoint="0>11|19|0" referencePoint="0>11|4|0|0|1" referenceFrame="0>11|26" isActiveDirty="true">
            <dependentPart index="0>11|19|0"/>
            <dependentPart index="0>11|19|1"/>
            <dependentPart index="0>11|24"/>
        </movingPart>
        <movingPart index="0>11|19|0" referencePoint="0>11|4|0|0|1" referenceFrame="0>" scaleZ="true"/>
        <movingPart index="0>11|19|1" referencePoint="0>11|5|0|0|1" referenceFrame="0>" scaleZ="true"/>
        <movingPart index="0>11|24" referencePoint="0>11|19|2" referenceFrame="0>">
            <translatingPart index="0>11|24|0"/>
        </movingPart>
        <!-- connectors -->
        <movingPart index="0>11|20" referencePoint="0>11|0|3" referenceFrame="0>11|0|3" isActiveDirty="true" scaleZ="true"/>
        <movingPart index="0>11|21" referencePoint="0>11|1|3" referenceFrame="0>11|1|3" isActiveDirty="true" scaleZ="true"/>
        <movingPart index="0>11|22" referencePoint="0>11|2|3" referenceFrame="0>11|2|3" isActiveDirty="true" scaleZ="true"/>
        <movingPart index="0>11|23" referencePoint="0>11|3|3" referenceFrame="0>11|3|3" isActiveDirty="true" scaleZ="true"/>
    </movingParts>
    <animations>
        <animation name="speedDisplay">
            <part node="0>9|0" startTime="0" endTime="1" startRot="0 0 0" endRot="0 -260 0"/>
        </animation>
        <animation name="rpmDisplay">
            <part node="0>9|1" startTime="0" endTime="1" startRot="0 0 0" endRot="0 -220 0"/>
        </animation>
        <animation name="fuelDisplay">
            <part node="0>9|2" startTime="0" endTime="1" startRot="0 0 0" endRot="0 -80 0"/>
            <part node="0>9|3" startTime="0" endTime="1" startRot="0 0 0" endRot="0 -80 0"/>
        </animation>
    </animations>
    <steering index="0>4|0" indoorRotation="360" outdoorRotation="37"/>
    <characterNode index="0>6|0" cameraMinDistance="1.5" filename="$dataS2/character/player/player.xml" spineRotation="180 0 100">
        <target ikChain="rightFoot" targetNode="0>6|1"/>
        <target ikChain="leftFoot" targetNode="0>6|2"/>
        <target ikChain="rightArm" targetNode="0>4|0|1" setDirty="true"/>
        <target ikChain="leftArm" targetNode="0>4|0|0" setDirty="true"/>
    </characterNode>
    <ai>
        <trafficCollisionTrigger index="0>7|0"/>
    </ai>
    <motorStartDuration>2250</motorStartDuration>
    <motorStartSound file="$data/vehicles/steerable/tatra/tatraPhoenix_start.wav" pitchOffset="0.96" volume="1.00" indoorVolumeFactor="0.40" indoorLowpassGain="0.75"/>
    <motorStopSound file="$data/vehicles/steerable/man/manTGS18480_stop.wav" pitchOffset="0.97" volume="1.00 " indoorVolumeFactor="0.40" indoorLowpassGain="0.75"/>
    <motorSound file="$data/vehicles/steerable/tatra/tatraPhoenix_idle.wav" pitchOffset="0.94" volume="1.00" indoorVolumeFactor="0.40" indoorLowpassGain="0.75" volumeMin="0.25" volumeMinSpeed="50" reverseVolumeMax="0.10" pitchMax="1.75"/>
    <motorSoundRun file="$data/vehicles/steerable/tatra/tatraPhoenix_run.wav" pitchOffset="0.55" volume="1.00" indoorVolumeFactor="0.50" indoorLowpassGain="0.75" pitchMax="1.10"/>
    <motorSoundLoad file="$data/vehicles/steerable/tatra/tatraPhoenix_load.wav" pitchOffset="0.50" volume="1.00" indoorVolumeFactor="0.50" indoorLowpassGain="0.75" pitchMax="1.24" minimalVolumeFactor="0.00"/>
    <gearboxSound file="$data/sounds/transmission/transmissionCVT_XL.wav" pitchOffset="0.64" volume="0.28" indoorVolumeFactor="0.65" indoorLowpassGain="0.75" pitchMax="1.35" volumeMax="1.06" reverseVolumeMax="0.20"/>
    <retarderSound file="$data/sounds/transmission/transmissionCVT_X.wav" pitchOffset="0.50" volume="0.10" indoorVolumeFactor="0.65" indoorLowpassGain="0.80" pitchMax="2.00" volumeMax="0.52" minSpeed="0.1"/>
    <brakeCompressor capacity="10000" fillSpeed="500"/>
    <maximalAirConsumptionPerFullStop value="2000"/>
    <brakeCompressorStartSound file="$data/sounds/technicalAccessories/pressure_regulator.wav" pitchOffset="1.00" volume="1.00" indoorVolumeFactor="0.50" indoorLowpassGain="0.95"/>
    <brakeCompressorRunSound file="$data/sounds/technicalAccessories/compressor_idle.wav" pitchOffset="0.76" volume="0.23" indoorVolumeFactor="0.25" indoorLowpassGain="0.95" pitchMax="1.1"/>
    <brakeCompressorStopSound file="$data/sounds/technicalAccessories/compressor_controller.wav" pitchOffset="1.00" volume="0.7" indoorVolumeFactor="0.50" indoorLowpassGain="0.95"/>
    <compressedAirSound file="$data/sounds/technicalAccessories/brakeSmall.wav" pitchOffset="1.00" volume="0.60" indoorVolumeFactor="0.90" indoorLowpassGain="0.95"/>
    <airReleaseValveSound file="$data/vehicles/steerable/jcb/jcb_module.wav" pitchOffset="0.94" volume="0.75" indoorVolumeFactor="0.75" indoorLowpassGain="0.75"/>
    <attachSound file="$data/sounds/truck_attach.wav" pitchOffset="0.90" volume="1.00" indoorVolumeFactor="0.45" indoorLowpassGain="0.90"/>
    <hydraulicSound file="$data/sounds/hydraulicUp.wav" pitchOffset="1.00" volume="0.45" indoorVolumeFactor="0.25" indoorLowpassGain="0.90"/>
    <honkSound file="$data/sounds/hornBig.wav" pitchOffset="0.90" volume="1.25" indoorVolumeFactor="0.45" indoorLowpassGain="0.90" radius="100" innerRadius="18.775"/>
    <exhaustEffects>
        <exhaustEffect index="0>8" filename="$data/particleSystems/shared/exhaust.i3d" minRpmColor="0.9 0.9 0.9 0.05" maxRpmColor="0.9 0.9 0.9 0.2" minRpmScale="0.1" maxRpmScale="0.55" xzRotationsOffset="40 0" xzRotationsForward="0 0" xzRotationsBackward="100 0" xzRotationsLeft="0 -100" xzRotationsRight="0 100"/>
    </exhaustEffects>
    <baseColorConfigurations useDefaultColors="true" price="1600" icon="$dataS2/menu/hud/configurations/config_color.png">
        <baseColorConfiguration color="0.0200 0.2800 0.1900 1"/>
        <baseColorConfiguration color="0.9000 0.0100 0.0050 1" price="1600" icon="$dataS2/menu/hud/configurations/config_color.png"/>
        <colorNode node="0>13|0"/>
    </baseColorConfigurations>
    <washable dirtDuration="90" washDuration="1" workMultiplier="4"/>
    <components count="1">
        <component1 centerOfMass="0 0.62 -0.4" solverIterationCount="10"/>
    </components>
    <schemaOverlay file="$dataS2/menu/schemas/vehicleSchema.png" fileSelected="$dataS2/menu/schemas/vehicleSchemaSelected.png" width="0.5" height="0.5" attacherJointPosition="0.5 0"/>
</vehicle>
