﻿<?xml version="1.0" encoding="utf-8" standalone="no" ?>
<modDesc descVersion="32">
    <author>Grisu118 - Vertexdezign</author>
    <version>2.0</version>
    <title>
        <en>LightAddon</en>
        <de>LightAddon</de>
    </title>
    <description>
        <en><![CDATA[Add Support for Strobe- and Daydrivelights, also reset the turnsignals]]></en>
        <de><![CDATA[Fügt Blitzlichter und Tagfahrlicht Unterstützung hinzu. Die Blinker werden nach dem Fahren einer Kurve wieder zurückgesetzt.]]></de>
    </description>
    <iconFilename>store_LA.png</iconFilename>
    <multiplayer supported="true" />
    <extraSourceFiles>
		<sourceFile filename="GrisuDebug.lua" />
		<sourceFile filename="addSpecialization.lua" />
	</extraSourceFiles>
</modDesc>
